"","from","to","vol"
"1","A01","H21","1000"
"2","A01","H22","1000"
"3","A01","H23","1000"
"4","A01","H24","1000"
"5","A01","I21","1000"
"6","A01","I22","1000"
"7","A01","I23","1000"
"8","A01","I24","1000"
"9","A02","B19","1000"
"10","A02","B20","1000"
"11","A02","C17","1000"
"12","A02","C18","1000"
"13","A02","C19","1000"
"14","A02","C20","1000"
"15","A02","D15","1000"
"16","A02","D16","1000"
"17","A02","D17","1000"
"18","A02","D18","1000"
"19","A02","D19","1000"
"20","A02","D20","1000"
"21","A02","E13","1000"
"22","A02","E14","1000"
"23","A02","E15","1000"
"24","A02","E16","1000"
"25","A02","E17","1000"
"26","A02","E18","1000"
"27","A02","E19","1000"
"28","A02","E20","1000"
"29","A02","F09","1000"
"30","A02","F10","1000"
"31","A02","F11","1000"
"32","A02","F12","1000"
"33","A02","F13","1000"
"34","A02","F14","1000"
"35","A02","F15","1000"
"36","A02","F16","1000"
"37","A02","F17","1000"
"38","A02","F18","1000"
"39","A02","F19","1000"
"40","A02","F20","1000"
"41","A02","G05","1000"
"42","A02","G06","1000"
"43","A02","G07","1000"
"44","A02","G08","1000"
"45","A02","G09","1000"
"46","A02","G10","1000"
"47","A02","G11","1000"
"48","A02","G12","1000"
"49","A02","G13","1000"
"50","A02","G14","1000"
"51","A02","G15","1000"
"52","A02","G16","1000"
"53","A02","G17","1000"
"54","A02","G18","1000"
"55","A02","G19","1000"
"56","A02","G20","1000"
"57","A02","H02","1000"
"58","A03","H03","1000"
"59","A03","H04","1000"
"60","A03","H05","1000"
"61","A03","H06","1000"
"62","A03","H07","1000"
"63","A03","H08","1000"
"64","A03","H09","1000"
"65","A03","H10","1000"
"66","A03","H11","1000"
"67","A03","H12","1000"
"68","A03","H13","1000"
"69","A03","H14","1000"
"70","A03","H15","1000"
"71","A03","H16","1000"
"72","A03","H17","1000"
"73","A03","H18","1000"
"74","A03","H19","1000"
"75","A03","H20","1000"
"76","A03","I02","1000"
"77","A03","I03","1000"
"78","A03","I04","1000"
"79","A03","I05","1000"
"80","A03","I06","1000"
"81","A03","I07","1000"
"82","A03","I08","1000"
"83","A03","I09","1000"
"84","A03","I10","1000"
"85","A03","I11","1000"
"86","A03","I12","1000"
"87","A03","I13","1000"
"88","A03","I14","1000"
"89","A03","I15","1000"
"90","A03","I16","1000"
"91","A03","I17","1000"
"92","A03","I18","1000"
"93","A03","I19","1000"
"94","A03","I20","1000"
"95","A03","J05","1000"
"96","A03","J06","1000"
"97","A03","J07","1000"
"98","A03","J08","1000"
"99","A03","J09","1000"
"100","A03","J10","1000"
"101","A03","J11","1000"
"102","A03","J12","1000"
"103","A03","J13","1000"
"104","A03","J14","1000"
"105","A03","J15","1000"
"106","A03","J16","1000"
"107","A04","J17","1000"
"108","A04","J18","1000"
"109","A04","J19","1000"
"110","A04","J20","1000"
"111","A04","K09","1000"
"112","A04","K10","1000"
"113","A04","K11","1000"
"114","A04","K12","1000"
"115","A04","K13","1000"
"116","A04","K14","1000"
"117","A04","K15","1000"
"118","A04","K16","1000"
"119","A04","K17","1000"
"120","A04","K18","1000"
"121","A04","K19","1000"
"122","A04","K20","1000"
"123","A04","L13","1000"
"124","A04","L14","1000"
"125","A04","L15","1000"
"126","A04","L16","1000"
"127","A04","L17","1000"
"128","A04","L18","1000"
"129","A04","L19","1000"
"130","A04","L20","1000"
"131","A04","M15","1000"
"132","A04","M16","1000"
"133","A04","M17","1000"
"134","A04","M18","1000"
"135","A04","M19","1000"
"136","A04","M20","1000"
"137","A04","N17","1000"
"138","A04","N18","1000"
"139","A04","N19","1000"
"140","A04","N20","1000"
"141","A04","O19","1000"
"142","A04","O20","1000"
"143","A05","E18","1000"
"144","A05","F13","1000"
"145","A05","G05","1000"
"146","A05","I17","1000"
"147","A05","J08","1000"
"148","A05","J12","1000"
"149","A05","M16","1000"
